<?xml version="1.0" encoding="utf-8"?>
<!DOCTYPE library PUBLIC "-//Boost//DTD BoostBook XML V1.1//EN"
"http://www.boost.org/tools/boostbook/dtd/boostbook.dtd">
<library dirname="any" id="any"
         last-revision="$Date: 2008-07-12 20:16:17 +0100 (Sat, 12 Jul 2008) $"
         name="Any">
  <title><libraryname>Library Name</libraryname></title>

  <libraryinfo>
    <author>
      <firstname/>

      <firstname>Robert</firstname>

      <surname>Ramey</surname>
    </author>

    <copyright>
      <year>2013</year>

      <holder>Robert Ramey</holder>

      <holder/>
    </copyright>

    <legalnotice>
      <para> Distributed under the Boost Software License, Version 1.0. (See
      accompanying file LICENSE</para>
    </legalnotice>

    <librarypurpose>Optimal cast operator</librarypurpose>

    <librarycategory name="???">Utility</librarycategory>
  </libraryinfo>

  <section>
    <title id="libraryname.iintroduction">Introduction</title>

    <para>To cast from one type to another related type, C++ provides the
    following operators:</para>

    <para><code>static_cast&lt;T *&lt;&gt;(U *) </code></para>

    <para><code>static_cast&lt;T &amp;&lt;&gt;(U &amp;)</code></para>

    <itemizedlist>
      <listitem>
        <para>required if neither T nor U are not polymorphic </para>
      </listitem>

      <listitem>
        <para>permitted in other cases</para>
      </listitem>

      <listitem>
        <para>fails to detect erroneas casts of polymophic pointers/references
        at runtime. </para>
      </listitem>

      <listitem>
        <para>does not permit "cross casting" </para>
      </listitem>

      <listitem>
        <para>inline function calls can be optimized away during compile time.
        </para>
      </listitem>
    </itemizedlist>

    <para><code>dynamic_cast&lt;T *&lt;&gt;(U *) </code></para>

    <para><code>dynamic_cast&lt;T &amp;&lt;&gt;(U &amp;)</code></para>

    <itemizedlist>
      <listitem>
        <para>permitted if either T or U are polymorphic</para>
      </listitem>

      <listitem>
        <para>prohibited in other cases. </para>
      </listitem>

      <listitem>
        <para>throws exception on detecting erroneas casts of polymorphic
        pointers/references at runtime. </para>
      </listitem>

      <listitem>
        <para>permits "cross casting" </para>
      </listitem>

      <listitem>
        <para>cannot optimise inline virtual functions at compile time.
        </para>
      </listitem>
    </itemizedlist>

    <para>These rules can make it difficult to use casting with a function
    template argument.</para>
  </section>

  <section>
    <title id="libraryname.tutorial">Tutorial</title>

    <para>Consider the following example: <programlisting>#include &lt;boost/serialization/smart_cast.hpp&gt;

struct top {
};

struct base1 : public top {
    bool is_storable() const {
        return true;
    }
    virtual ~base1();
};

struct base2 {
    virtual ~base2();
};

struct derived1 :
    public base1
{
    derived1();
};

struct derived2 :
    public base1, 
    public base2
{
    derived2();
};

template&lt;class T&gt;
bool is_storable(T &amp;t){
    // what type of cast to use here?

    // this fails at compiler time when T == base2
    // return static_cast&lt;base1 &amp;&gt;(t).is_storable();

    // this fails at compiler time when T == top
    // otherwise it works but cannot optimize inline function call
    // return dynamic_cast&lt;base1 &amp;&gt;(t).is_storable();

    // this always works - and is guarenteed to generate the fastest code !
    return (boost::smart_cast_reference&lt;base1 &amp;&gt;(t)).is_storable();
}

int main(){
    derived1 d1;
    top &amp; t1 = d1;
    derived2 d2;
    base2 &amp; b2 = d2;

    bool result;
    result = is_storable(d1);   
    result = is_storable(d2);   
    result = is_storable(b2);
    result = is_storable(b2);
    result = is_storable(t1);
    return 0;
}</programlisting></para>
  </section>

  <section>
    <title id="libraryname.notes">Notes</title>

    <para>The serialization library includes a mix of classes which use both
    static polymorphism (CRTP) and dynamic polymorphism via virtual functions.
    smart_cast was written to address the more problematic manifestations of
    the situation exmplified above. </para>
  </section>

  <section>
    <title>smart_cast</title>

    <section>
      <title>Synopsis</title>

      <para>[The function's declaration. Example]</para>

      <para>Sort is an overloaded name; there are actually two sort
      functions.</para>

      <programlisting>template &lt;class T, U&gt;
T *smart_cast&lt;T *&gt;(U * u);

template &lt;class T, U&gt;
T &amp; smart_cast_reference&lt;T &amp;&gt;(U &amp; u);</programlisting>
    </section>

    <section>
      <title>Description</title>

      <para>Converts some an instance of type U to a type T. The resulting
      pointer or reference type T refers to the same object as the originall
      instance of type U.</para>
    </section>

    <section>
      <title>Type requirements</title>

      <para>[This section lists the requirements that must be satisfied by the
      function's template parameters. If the function has no template
      parameters, this section can be skipped. Example:]</para>

      <informaltable>
        <tgroup cols="2">
          <colspec align="left"/>

          <colspec align="left" colwidth="*"/>

          <thead>
            <row>
              <entry align="left">Type</entry>

              <entry align="left">Requirements</entry>
            </row>
          </thead>

          <tbody>
            <row>
              <entry><code>boost::is_convertible&lt;U,
              T&gt;::value</code></entry>

              <entry><code>true</code></entry>
            </row>
          </tbody>
        </tgroup>
      </informaltable>
    </section>

    <section>
      <title>Header</title>

      <para><code>#include &lt;boost/serialization/smart_cast.hpp&gt;
      </code></para>
    </section>

    <section>
      <title>Example of use</title>

      <programlisting><para><code>#include &lt;boost/smart_cast.hpp&gt;</code></para>struct top {};

struct base1 : public top {
    virtual ~base1();
};

struct base2 {
    virtual ~base2();
};

struct derived1 : public base1 {};

struct derived2 :
    public base1, 
    public base2
{};

int main(){
    derived1 d1;
    top &amp; t1 = d1;
    derived2 d2;
    base2 &amp; b2 = d2;
    // this always works - and is guarenteed to generate the fastest code !
    base1 &amp; b1 = boost::smart_cast_reference&lt;base1 &amp;&gt;(t);
}</programlisting>
    </section>

    <section>
      <title>Notes</title>

      <para>smart_cast can be used only on compilers that support partial
      template specialization or on types for which have be specified with the
      macro BOOST_BROKEN_COMPILER_TYPE_TRAITS_SPECIALIZATION(&lt;type&gt;) has
      been applied.</para>
    </section>
  </section>

  <section>
    <title id="libraryname.rationale">Rationale</title>

    <qandaset>
      <qandaentry>
        <question>
          <para>Why are there two functions rather than just
          smart_cast?</para>
        </question>

        <answer>
          <para>As I write this documentation I don't remember. This is likely
          due to the fact that when I wrote this, I wasn't as familiar with
          C++ template meta programming as I am now.</para>
        </answer>
      </qandaentry>
    </qandaset>
  </section>
</library>
